{"ILSVRC2012_val_00000032_n03444034.JPEG": {"path": "test_pictures", "distance": 48.38388161361178, "crop_dims": [40, 40], "crop_coords": [26, 15, 66, 55]}, "ILSVRC2012_val_00000031_n02280649.JPEG": {"path": "test_pictures", "distance": 76.69419795525604, "crop_dims": [50, 50], "crop_coords": [3, 49, 53, 99]}, "ILSVRC2012_val_00000025_n01616318.JPEG": {"path": "test_pictures", "distance": 45.803929962395145, "crop_dims": [51, 51], "crop_coords": [34, 37, 85, 88]}, "ILSVRC2012_val_00000023_n07742313.JPEG": {"path": "test_pictures", "distance": 75.29276193632427, "crop_dims": [46, 46], "crop_coords": [1, 38, 47, 84]}, "ILSVRC2012_val_00000029_n01729977.JPEG": {"path": "test_pictures", "distance": 67.23094525588644, "crop_dims": [48, 48], "crop_coords": [30, 58, 78, 106]}, "fox.jpg": {"path": "test_pictures", "distance": 25.079872407968907, "crop_dims": [43, 43], "crop_coords": [44, 2, 87, 45]}, "ILSVRC2012_val_00000024_n03956157.JPEG": {"path": "test_pictures", "distance": 67.7421582177598, "crop_dims": [49, 49], "crop_coords": [28, 58, 77, 107]}, "ILSVRC2012_val_00000027_n02114548.JPEG": {"path": "test_pictures", "distance": 64.5600495662759, "crop_dims": [43, 43], "crop_coords": [7, 18, 50, 61]}, "ILSVRC2012_val_00020680_n02028035.JPEG": {"path": "test_pictures", "distance": 69.6419413859206, "crop_dims": [45, 45], "crop_coords": [30, 59, 75, 104]}}